{"cameraMode":{"drawMode":0,"name":"Shaded","section":"Shading Mode"},"sceneLighting":true,"audioPlay":false,"sceneViewState":{"m_AlwaysRefresh":false,"showFog":true,"showSkybox":true,"showFlares":true,"showImageEffects":true,"showParticleSystems":true,"showVisualEffectGraphs":true,"m_FxEnabled":true},"in2DMode":false,"pivot":{"x":38.17924880981445,"y":8.606396675109864,"z":21.18587875366211},"rotation":{"x":-0.006904461421072483,"y":0.6951228380203247,"z":0.0066698454320430759,"w":0.7188577651977539},"size":4.9535746574401859,"orthographic":false}